{
  "train_csv": "voxceleb_data/processed_test/metadata/dur_0.5s/whisper_train.csv",
  "test_csv": "voxceleb_data/processed_test/metadata/dur_0.5s/whisper_test.csv",
  "emb_type": "whisper",
  "whisper_layer": "mean",
  "n_train": 3902,
  "n_test": 486,
  "n_speakers": 40,
  "embedding_dim": 512,
  "classifiers": {
    "cosine": {
      "accuracy": 0.26337448559670784,
      "elapsed_sec": 0.0013543329841922969,
      "per_class": {
        "id10270": {
          "precision": 0.5555555555555556,
          "recall": 0.3125,
          "f1": 0.4,
          "support": 16
        },
        "id10271": {
          "precision": 0.0625,
          "recall": 0.14285714285714285,
          "f1": 0.08695652173913043,
          "support": 7
        },
        "id10272": {
          "precision": 0.375,
          "recall": 0.6,
          "f1": 0.46153846153846156,
          "support": 5
        },
        "id10273": {
          "precision": 0.4444444444444444,
          "recall": 0.16666666666666666,
          "f1": 0.24242424242424243,
          "support": 24
        },
        "id10274": {
          "precision": 0.030303030303030304,
          "recall": 0.2,
          "f1": 0.05263157894736842,
          "support": 5
        },
        "id10275": {
          "precision": 0.1111111111111111,
          "recall": 0.42857142857142855,
          "f1": 0.17647058823529413,
          "support": 7
        },
        "id10276": {
          "precision": 0.29411764705882354,
          "recall": 0.2777777777777778,
          "f1": 0.2857142857142857,
          "support": 18
        },
        "id10277": {
          "precision": 0.2857142857142857,
          "recall": 0.5714285714285714,
          "f1": 0.38095238095238093,
          "support": 7
        },
        "id10278": {
          "precision": 0.17777777777777778,
          "recall": 0.42105263157894735,
          "f1": 0.25,
          "support": 19
        },
        "id10279": {
          "precision": 0.0,
          "recall": 0.0,
          "f1": 0.0,
          "support": 6
        },
        "id10280": {
          "precision": 0.125,
          "recall": 0.2857142857142857,
          "f1": 0.17391304347826086,
          "support": 7
        },
        "id10281": {
          "precision": 0.0,
          "recall": 0.0,
          "f1": 0.0,
          "support": 8
        },
        "id10282": {
          "precision": 0.2857142857142857,
          "recall": 0.25,
          "f1": 0.26666666666666666,
          "support": 8
        },
        "id10283": {
          "precision": 0.3333333333333333,
          "recall": 0.30434782608695654,
          "f1": 0.3181818181818182,
          "support": 23
        },
        "id10284": {
          "precision": 0.0,
          "recall": 0.0,
          "f1": 0.0,
          "support": 9
        },
        "id10285": {
          "precision": 0.14285714285714285,
          "recall": 0.1111111111111111,
          "f1": 0.125,
          "support": 9
        },
        "id10286": {
          "precision": 0.6,
          "recall": 0.2,
          "f1": 0.3,
          "support": 15
        },
        "id10287": {
          "precision": 0.0,
          "recall": 0.0,
          "f1": 0.0,
          "support": 5
        },
        "id10288": {
          "precision": 0.1111111111111111,
          "recall": 0.2,
          "f1": 0.14285714285714285,
          "support": 5
        },
        "id10289": {
          "precision": 0.4444444444444444,
          "recall": 0.4444444444444444,
          "f1": 0.4444444444444444,
          "support": 9
        },
        "id10290": {
          "precision": 0.2857142857142857,
          "recall": 0.5714285714285714,
          "f1": 0.38095238095238093,
          "support": 14
        },
        "id10291": {
          "precision": 0.1875,
          "recall": 0.75,
          "f1": 0.3,
          "support": 8
        },
        "id10292": {
          "precision": 0.7647058823529411,
          "recall": 0.5,
          "f1": 0.6046511627906976,
          "support": 26
        },
        "id10293": {
          "precision": 0.35,
          "recall": 0.3684210526315789,
          "f1": 0.358974358974359,
          "support": 19
        },
        "id10294": {
          "precision": 0.26666666666666666,
          "recall": 0.2857142857142857,
          "f1": 0.27586206896551724,
          "support": 14
        },
        "id10295": {
          "precision": 0.0,
          "recall": 0.0,
          "f1": 0.0,
          "support": 9
        },
        "id10296": {
          "precision": 0.0,
          "recall": 0.0,
          "f1": 0.0,
          "support": 10
        },
        "id10297": {
          "precision": 0.3333333333333333,
          "recall": 0.125,
          "f1": 0.18181818181818182,
          "support": 8
        },
        "id10298": {
          "precision": 0.0,
          "recall": 0.0,
          "f1": 0.0,
          "support": 13
        },
        "id10299": {
          "precision": 0.2857142857142857,
          "recall": 0.8,
          "f1": 0.42105263157894735,
          "support": 5
        },
        "id10300": {
          "precision": 0.45454545454545453,
          "recall": 0.16666666666666666,
          "f1": 0.24390243902439024,
          "support": 30
        },
        "id10301": {
          "precision": 0.2222222222222222,
          "recall": 0.4,
          "f1": 0.2857142857142857,
          "support": 5
        },
        "id10302": {
          "precision": 0.5,
          "recall": 0.058823529411764705,
          "f1": 0.10526315789473684,
          "support": 17
        },
        "id10303": {
          "precision": 1.0,
          "recall": 0.6,
          "f1": 0.75,
          "support": 10
        },
        "id10304": {
          "precision": 0.22727272727272727,
          "recall": 0.3125,
          "f1": 0.2631578947368421,
          "support": 16
        },
        "id10305": {
          "precision": 0.5,
          "recall": 0.07142857142857142,
          "f1": 0.125,
          "support": 14
        },
        "id10306": {
          "precision": 0.5714285714285714,
          "recall": 0.2222222222222222,
          "f1": 0.32,
          "support": 18
        },
        "id10307": {
          "precision": 0.75,
          "recall": 0.1875,
          "f1": 0.3,
          "support": 16
        },
        "id10308": {
          "precision": 0.0,
          "recall": 0.0,
          "f1": 0.0,
          "support": 6
        },
        "id10309": {
          "precision": 0.5714285714285714,
          "recall": 0.25,
          "f1": 0.34782608695652173,
          "support": 16
        }
      },
      "macro_precision": 0.29123790425261015,
      "macro_recall": 0.2646544196435248,
      "macro_f1": 0.2342981456146589,
      "weighted_precision": 0.3586650800113037,
      "weighted_recall": 0.26337448559670784,
      "weighted_f1": 0.2634120447017976
    },
    "knn": {
      "accuracy": 0.3477366255144033,
      "k": 5,
      "elapsed_sec": 0.027655082987621427,
      "per_class": {
        "id10270": {
          "precision": 0.19444444444444445,
          "recall": 0.4375,
          "f1": 0.2692307692307692,
          "support": 16
        },
        "id10271": {
          "precision": 0.08695652173913043,
          "recall": 0.2857142857142857,
          "f1": 0.13333333333333333,
          "support": 7
        },
        "id10272": {
          "precision": 0.5,
          "recall": 0.2,
          "f1": 0.2857142857142857,
          "support": 5
        },
        "id10273": {
          "precision": 0.19230769230769232,
          "recall": 0.4166666666666667,
          "f1": 0.2631578947368421,
          "support": 24
        },
        "id10274": {
          "precision": 0.16666666666666666,
          "recall": 0.2,
          "f1": 0.18181818181818182,
          "support": 5
        },
        "id10275": {
          "precision": 0.2857142857142857,
          "recall": 0.2857142857142857,
          "f1": 0.2857142857142857,