{
  "train_csv": "voxceleb_data/processed_test/metadata/dur_5s/whisper_train.csv",
  "test_csv": "voxceleb_data/processed_test/metadata/dur_5s/whisper_test.csv",
  "emb_type": "whisper",
  "whisper_layer": "mean",
  "n_train": 3902,
  "n_test": 486,
  "n_speakers": 40,
  "embedding_dim": 512,
  "classifiers": {
    "cosine": {
      "accuracy": 0.6851851851851852,
      "elapsed_sec": 0.0013346250052563846,
      "per_class": {
        "id10270": {
          "precision": 1.0,
          "recall": 0.75,
          "f1": 0.8571428571428571,
          "support": 16
        },
        "id10271": {
          "precision": 0.375,
          "recall": 0.42857142857142855,
          "f1": 0.4,
          "support": 7
        },
        "id10272": {
          "precision": 0.8333333333333334,
          "recall": 1.0,
          "f1": 0.9090909090909091,
          "support": 5
        },
        "id10273": {
          "precision": 0.7368421052631579,
          "recall": 0.5833333333333334,
          "f1": 0.6511627906976745,
          "support": 24
        },
        "id10274": {
          "precision": 0.16666666666666666,
          "recall": 0.4,
          "f1": 0.23529411764705882,
          "support": 5
        },
        "id10275": {
          "precision": 0.5,
          "recall": 0.42857142857142855,
          "f1": 0.46153846153846156,
          "support": 7
        },
        "id10276": {
          "precision": 0.7619047619047619,
          "recall": 0.8888888888888888,
          "f1": 0.8205128205128205,
          "support": 18
        },
        "id10277": {
          "precision": 0.7142857142857143,
          "recall": 0.7142857142857143,
          "f1": 0.7142857142857143,
          "support": 7
        },
        "id10278": {
          "precision": 0.8636363636363636,
          "recall": 1.0,
          "f1": 0.926829268292683,
          "support": 19
        },
        "id10279": {
          "precision": 0.625,
          "recall": 0.8333333333333334,
          "f1": 0.7142857142857143,
          "support": 6
        },
        "id10280": {
          "precision": 0.4444444444444444,
          "recall": 0.5714285714285714,
          "f1": 0.5,
          "support": 7
        },
        "id10281": {
          "precision": 0.36363636363636365,
          "recall": 0.5,
          "f1": 0.42105263157894735,
          "support": 8
        },
        "id10282": {
          "precision": 0.75,
          "recall": 0.75,
          "f1": 0.75,
          "support": 8
        },
        "id10283": {
          "precision": 0.8333333333333334,
          "recall": 0.6521739130434783,
          "f1": 0.7317073170731707,
          "support": 23
        },
        "id10284": {
          "precision": 0.875,
          "recall": 0.7777777777777778,
          "f1": 0.8235294117647058,
          "support": 9
        },
        "id10285": {
          "precision": 0.8,
          "recall": 0.4444444444444444,
          "f1": 0.5714285714285714,
          "support": 9
        },
        "id10286": {
          "precision": 0.6666666666666666,
          "recall": 0.5333333333333333,
          "f1": 0.5925925925925926,
          "support": 15
        },
        "id10287": {
          "precision": 0.5,
          "recall": 1.0,
          "f1": 0.6666666666666666,
          "support": 5
        },
        "id10288": {
          "precision": 0.3333333333333333,
          "recall": 0.2,
          "f1": 0.25,
          "support": 5
        },
        "id10289": {
          "precision": 1.0,
          "recall": 0.7777777777777778,
          "f1": 0.875,
          "support": 9
        },
        "id10290": {
          "precision": 0.4583333333333333,
          "recall": 0.7857142857142857,
          "f1": 0.5789473684210527,
          "support": 14
        },
        "id10291": {
          "precision": 0.42105263157894735,
          "recall": 1.0,
          "f1": 0.5925925925925926,
          "support": 8
        },
        "id10292": {
          "precision": 1.0,
          "recall": 0.8846153846153846,
          "f1": 0.9387755102040817,
          "support": 26
        },
        "id10293": {
          "precision": 0.75,
          "recall": 0.631578947368421,
          "f1": 0.6857142857142857,
          "support": 19
        },
        "id10294": {
          "precision": 0.7647058823529411,
          "recall": 0.9285714285714286,
          "f1": 0.8387096774193549,
          "support": 14
        },
        "id10295": {
          "precision": 0.5,
          "recall": 0.3333333333333333,
          "f1": 0.4,
          "support": 9
        },
        "id10296": {
          "precision": 0.4444444444444444,
          "recall": 0.4,
          "f1": 0.42105263157894735,
          "support": 10
        },
        "id10297": {
          "precision": 0.5,
          "recall": 0.25,
          "f1": 0.3333333333333333,
          "support": 8
        },
        "id10298": {
          "precision": 0.8888888888888888,
          "recall": 0.6153846153846154,
          "f1": 0.7272727272727273,
          "support": 13
        },
        "id10299": {
          "precision": 0.5,
          "recall": 1.0,
          "f1": 0.6666666666666666,
          "support": 5
        },
        "id10300": {
          "precision": 0.9629629629629629,
          "recall": 0.8666666666666667,
          "f1": 0.9122807017543859,
          "support": 30
        },
        "id10301": {
          "precision": 0.45454545454545453,
          "recall": 1.0,
          "f1": 0.625,
          "support": 5
        },
        "id10302": {
          "precision": 0.5384615384615384,
          "recall": 0.4117647058823529,
          "f1": 0.4666666666666667,
          "support": 17
        },
        "id10303": {
          "precision": 0.9,
          "recall": 0.9,
          "f1": 0.9,
          "support": 10
        },
        "id10304": {
          "precision": 0.56,
          "recall": 0.875,
          "f1": 0.6829268292682927,
          "support": 16
        },
        "id10305": {
          "precision": 0.8571428571428571,
          "recall": 0.42857142857142855,
          "f1": 0.5714285714285714,
          "support": 14
        },
        "id10306": {
          "precision": 0.8571428571428571,
          "recall": 0.6666666666666666,
          "f1": 0.75,
          "support": 18
        },
        "id10307": {
          "precision": 0.6363636363636364,
          "recall": 0.4375,
          "f1": 0.5185185185185185,
          "support": 16
        },
        "id10308": {
          "precision": 0.5,
          "recall": 0.5,
          "f1": 0.5,
          "support": 6
        },
        "id10309": {
          "precision": 0.7692307692307693,
          "recall": 0.625,
          "f1": 0.6896551724137931,
          "support": 16
        }
      },
      "macro_precision": 0.6601589585738192,
      "macro_recall": 0.6693571851891024,
      "macro_f1": 0.6417915274462954,
      "weighted_precision": 0.7243737382901471,
      "weighted_recall": 0.6851851851851852,
      "weighted_f1": 0.6868996505764706
    },
    "knn": {
      "accuracy": 0.8827160493827161,
      "k": 5,
      "elapsed_sec": 0.027854707994265482,
      "per_class": {
        "id10270": {
          "precision": 1.0,
          "recall": 1.0,
          "f1": 1.0,
          "support": 16
        },
        "id10271": {
          "precision": 0.5555555555555556,
          "recall": 0.7142857142857143,
          "f1": 0.625,
          "support": 7
        },
        "id10272": {
          "precision": 1.0,
          "recall": 1.0,
          "f1": 1.0,
          "support": 5
        },
        "id10273": {
          "precision": 0.92,
          "recall": 0.9583333333333334,
          "f1": 0.9387755102040817,
          "support": 24
        },
        "id10274": {
          "precision": 0.5714285714285714,
          "recall": 0.8,
          "f1": 0.6666666666666666,
          "support": 5
        },
        "id10275": {
          "precision": 1.0,