{
  "train_csv": "voxceleb_data/processed_test/metadata/dur_1s/whisper_train.csv",
  "test_csv": "voxceleb_data/processed_test/metadata/dur_1s/whisper_test.csv",
  "emb_type": "whisper",
  "whisper_layer": "-1",
  "n_train": 3902,
  "n_test": 486,
  "n_speakers": 40,
  "embedding_dim": 512,
  "classifiers": {
    "cosine": {
      "accuracy": 0.2366255144032922,
      "elapsed_sec": 0.0012617080064956099,
      "per_class": {
        "id10270": {
          "precision": 0.6666666666666666,
          "recall": 0.375,
          "f1": 0.48,
          "support": 16
        },
        "id10271": {
          "precision": 0.5,
          "recall": 0.14285714285714285,
          "f1": 0.2222222222222222,
          "support": 7
        },
        "id10272": {
          "precision": 0.2222222222222222,
          "recall": 0.8,
          "f1": 0.34782608695652173,
          "support": 5
        },
        "id10273": {
          "precision": 0.5,
          "recall": 0.041666666666666664,
          "f1": 0.07692307692307693,
          "support": 24
        },
        "id10274": {
          "precision": 0.125,
          "recall": 0.4,
          "f1": 0.19047619047619047,
          "support": 5
        },
        "id10275": {
          "precision": 0.03225806451612903,
          "recall": 0.14285714285714285,
          "f1": 0.05263157894736842,
          "support": 7
        },
        "id10276": {
          "precision": 0.24242424242424243,
          "recall": 0.4444444444444444,
          "f1": 0.3137254901960784,
          "support": 18
        },
        "id10277": {
          "precision": 0.4,
          "recall": 0.5714285714285714,
          "f1": 0.47058823529411764,
          "support": 7
        },
        "id10278": {
          "precision": 0.6666666666666666,
          "recall": 0.21052631578947367,
          "f1": 0.32,
          "support": 19
        },
        "id10279": {
          "precision": 0.0,
          "recall": 0.0,
          "f1": 0.0,
          "support": 6
        },
        "id10280": {
          "precision": 0.0,
          "recall": 0.0,
          "f1": 0.0,
          "support": 7
        },
        "id10281": {
          "precision": 0.2,
          "recall": 0.125,
          "f1": 0.15384615384615385,
          "support": 8
        },
        "id10282": {
          "precision": 0.0,
          "recall": 0.0,
          "f1": 0.0,
          "support": 8
        },
        "id10283": {
          "precision": 0.375,
          "recall": 0.13043478260869565,
          "f1": 0.1935483870967742,
          "support": 23
        },
        "id10284": {
          "precision": 0.07894736842105263,
          "recall": 0.3333333333333333,
          "f1": 0.1276595744680851,
          "support": 9
        },
        "id10285": {
          "precision": 0.0,
          "recall": 0.0,
          "f1": 0.0,
          "support": 9
        },
        "id10286": {
          "precision": 0.21052631578947367,
          "recall": 0.26666666666666666,
          "f1": 0.23529411764705882,
          "support": 15
        },
        "id10287": {
          "precision": 0.0,
          "recall": 0.0,
          "f1": 0.0,
          "support": 5
        },
        "id10288": {
          "precision": 1.0,
          "recall": 0.2,
          "f1": 0.3333333333333333,
          "support": 5
        },
        "id10289": {
          "precision": 0.2,
          "recall": 0.1111111111111111,
          "f1": 0.14285714285714285,
          "support": 9
        },
        "id10290": {
          "precision": 0.14285714285714285,
          "recall": 0.42857142857142855,
          "f1": 0.21428571428571427,
          "support": 14
        },
        "id10291": {
          "precision": 0.3157894736842105,
          "recall": 0.75,
          "f1": 0.4444444444444444,
          "support": 8
        },
        "id10292": {
          "precision": 0.2978723404255319,
          "recall": 0.5384615384615384,
          "f1": 0.3835616438356164,
          "support": 26
        },
        "id10293": {
          "precision": 0.46153846153846156,
          "recall": 0.3157894736842105,
          "f1": 0.375,
          "support": 19
        },
        "id10294": {
          "precision": 0.25,
          "recall": 0.14285714285714285,
          "f1": 0.18181818181818182,
          "support": 14
        },
        "id10295": {
          "precision": 0.0,
          "recall": 0.0,
          "f1": 0.0,
          "support": 9
        },
        "id10296": {
          "precision": 0.18181818181818182,
          "recall": 0.2,
          "f1": 0.19047619047619047,
          "support": 10
        },
        "id10297": {
          "precision": 0.0,
          "recall": 0.0,
          "f1": 0.0,
          "support": 8
        },
        "id10298": {
          "precision": 0.125,
          "recall": 0.07692307692307693,
          "f1": 0.09523809523809523,
          "support": 13
        },
        "id10299": {
          "precision": 0.25,
          "recall": 0.8,
          "f1": 0.38095238095238093,
          "support": 5
        },
        "id10300": {
          "precision": 0.8333333333333334,
          "recall": 0.16666666666666666,
          "f1": 0.2777777777777778,
          "support": 30
        },
        "id10301": {
          "precision": 0.25,
          "recall": 0.4,
          "f1": 0.3076923076923077,
          "support": 5
        },
        "id10302": {
          "precision": 0.125,
          "recall": 0.058823529411764705,
          "f1": 0.08,
          "support": 17
        },
        "id10303": {
          "precision": 0.5,
          "recall": 0.3,
          "f1": 0.375,
          "support": 10
        },
        "id10304": {
          "precision": 0.6875,
          "recall": 0.6875,
          "f1": 0.6875,
          "support": 16
        },
        "id10305": {
          "precision": 0.25,
          "recall": 0.07142857142857142,
          "f1": 0.1111111111111111,
          "support": 14
        },
        "id10306": {
          "precision": 0.25,
          "recall": 0.05555555555555555,
          "f1": 0.09090909090909091,
          "support": 18
        },
        "id10307": {
          "precision": 0.3333333333333333,
          "recall": 0.0625,
          "f1": 0.10526315789473684,
          "support": 16
        },
        "id10308": {
          "precision": 0.1111111111111111,
          "recall": 0.16666666666666666,
          "f1": 0.13333333333333333,
          "support": 6
        },
        "id10309": {
          "precision": 0.17391304347826086,
          "recall": 0.25,
          "f1": 0.20512820512820512,
          "support": 16
        }
      },
      "macro_precision": 0.27396944920715055,
      "macro_recall": 0.2441767456997468,
      "macro_f1": 0.20751058062903277,
      "weighted_precision": 0.32766116509450116,
      "weighted_recall": 0.2366255144032922,
      "weighted_f1": 0.22358464422597477
    },
    "knn": {
      "accuracy": 0.28600823045267487,
      "k": 5,
      "elapsed_sec": 0.029272249987116084,
      "per_class": {
        "id10270": {
          "precision": 0.23404255319148937,
          "recall": 0.6875,
          "f1": 0.3492063492063492,
          "support": 16
        },
        "id10271": {
          "precision": 0.05555555555555555,
          "recall": 0.14285714285714285,
          "f1": 0.08,
          "support": 7
        },
        "id10272": {
          "precision": 0.1,
          "recall": 0.2,
          "f1": 0.13333333333333333,
          "support": 5
        },
        "id10273": {
          "precision": 0.22641509433962265,
          "recall": 0.5,
          "f1": 0.3116883116883117,
          "support": 24
        },
        "id10274": {
          "precision": 0.2,
          "recall": 0.2,
          "f1": 0.2,
          "support": 5
        },
        "id10275": {
          "precision": 0.2,
          "recall": 0.14285714285714285,
          "f1": 0.16666666666666666,
          "support": 7
        },