{
  "train_csv": "voxceleb_data/processed_test/metadata/dur_3s/xvector_train.csv",
  "test_csv": "voxceleb_data/processed_test/metadata/dur_3s/xvector_test.csv",
  "emb_type": "xvector",
  "whisper_layer": "-1",
  "n_train": 3902,
  "n_test": 486,
  "n_speakers": 40,
  "embedding_dim": 512,
  "classifiers": {
    "cosine": {
      "accuracy": 0.9670781893004116,
      "elapsed_sec": 0.0012779580138158053,
      "per_class": {
        "id10270": {
          "precision": 1.0,
          "recall": 1.0,
          "f1": 1.0,
          "support": 16
        },
        "id10271": {
          "precision": 1.0,
          "recall": 1.0,
          "f1": 1.0,
          "support": 7
        },
        "id10272": {
          "precision": 0.8333333333333334,
          "recall": 1.0,
          "f1": 0.9090909090909091,
          "support": 5
        },
        "id10273": {
          "precision": 1.0,
          "recall": 0.9583333333333334,
          "f1": 0.9787234042553191,
          "support": 24
        },
        "id10274": {
          "precision": 1.0,
          "recall": 0.8,
          "f1": 0.8888888888888888,
          "support": 5
        },
        "id10275": {
          "precision": 0.8571428571428571,
          "recall": 0.8571428571428571,
          "f1": 0.8571428571428571,
          "support": 7
        },
        "id10276": {
          "precision": 1.0,
          "recall": 1.0,
          "f1": 1.0,
          "support": 18
        },
        "id10277": {
          "precision": 1.0,
          "recall": 0.8571428571428571,
          "f1": 0.9230769230769231,
          "support": 7
        },
        "id10278": {
          "precision": 1.0,
          "recall": 0.9473684210526315,
          "f1": 0.972972972972973,
          "support": 19
        },
        "id10279": {
          "precision": 1.0,
          "recall": 0.8333333333333334,
          "f1": 0.9090909090909091,
          "support": 6
        },
        "id10280": {
          "precision": 1.0,
          "recall": 0.8571428571428571,
          "f1": 0.9230769230769231,
          "support": 7
        },
        "id10281": {
          "precision": 0.7272727272727273,
          "recall": 1.0,
          "f1": 0.8421052631578947,
          "support": 8
        },
        "id10282": {
          "precision": 1.0,
          "recall": 0.75,
          "f1": 0.8571428571428571,
          "support": 8
        },
        "id10283": {
          "precision": 0.9583333333333334,
          "recall": 1.0,
          "f1": 0.9787234042553191,
          "support": 23
        },
        "id10284": {
          "precision": 1.0,
          "recall": 1.0,
          "f1": 1.0,
          "support": 9
        },
        "id10285": {
          "precision": 1.0,
          "recall": 0.8888888888888888,
          "f1": 0.9411764705882353,
          "support": 9
        },
        "id10286": {
          "precision": 1.0,
          "recall": 1.0,
          "f1": 1.0,
          "support": 15
        },
        "id10287": {
          "precision": 0.7142857142857143,
          "recall": 1.0,
          "f1": 0.8333333333333334,
          "support": 5
        },
        "id10288": {
          "precision": 1.0,
          "recall": 1.0,
          "f1": 1.0,
          "support": 5
        },
        "id10289": {
          "precision": 1.0,
          "recall": 1.0,
          "f1": 1.0,
          "support": 9
        },
        "id10290": {
          "precision": 0.9333333333333333,
          "recall": 1.0,
          "f1": 0.9655172413793104,
          "support": 14
        },
        "id10291": {
          "precision": 1.0,
          "recall": 0.875,
          "f1": 0.9333333333333333,
          "support": 8
        },
        "id10292": {
          "precision": 1.0,
          "recall": 1.0,
          "f1": 1.0,
          "support": 26
        },
        "id10293": {
          "precision": 0.95,
          "recall": 1.0,
          "f1": 0.9743589743589743,
          "support": 19
        },
        "id10294": {
          "precision": 1.0,
          "recall": 1.0,
          "f1": 1.0,
          "support": 14
        },
        "id10295": {
          "precision": 1.0,
          "recall": 1.0,
          "f1": 1.0,
          "support": 9
        },
        "id10296": {
          "precision": 1.0,
          "recall": 0.9,
          "f1": 0.9473684210526315,
          "support": 10
        },
        "id10297": {
          "precision": 1.0,
          "recall": 1.0,
          "f1": 1.0,
          "support": 8
        },
        "id10298": {
          "precision": 0.9285714285714286,
          "recall": 1.0,
          "f1": 0.9629629629629629,
          "support": 13
        },
        "id10299": {
          "precision": 1.0,
          "recall": 1.0,
          "f1": 1.0,
          "support": 5
        },
        "id10300": {
          "precision": 0.9666666666666667,
          "recall": 0.9666666666666667,
          "f1": 0.9666666666666667,
          "support": 30
        },
        "id10301": {
          "precision": 1.0,
          "recall": 1.0,
          "f1": 1.0,
          "support": 5
        },
        "id10302": {
          "precision": 0.8421052631578947,
          "recall": 0.9411764705882353,
          "f1": 0.8888888888888888,
          "support": 17
        },
        "id10303": {
          "precision": 1.0,
          "recall": 1.0,
          "f1": 1.0,
          "support": 10
        },
        "id10304": {
          "precision": 1.0,
          "recall": 1.0,
          "f1": 1.0,
          "support": 16
        },
        "id10305": {
          "precision": 1.0,
          "recall": 1.0,
          "f1": 1.0,
          "support": 14
        },
        "id10306": {
          "precision": 1.0,
          "recall": 0.9444444444444444,
          "f1": 0.9714285714285714,
          "support": 18
        },
        "id10307": {
          "precision": 1.0,
          "recall": 1.0,
          "f1": 1.0,
          "support": 16
        },
        "id10308": {
          "precision": 0.8571428571428571,
          "recall": 1.0,
          "f1": 0.9230769230769231,
          "support": 6
        },
        "id10309": {
          "precision": 1.0,
          "recall": 0.9375,
          "f1": 0.967741935483871,
          "support": 16
        }
      },
      "macro_precision": 0.9642046878560038,
      "macro_recall": 0.9578535032434026,
      "macro_f1": 0.9578972258676369,
      "weighted_precision": 0.9716968839044862,
      "weighted_recall": 0.9670781893004116,
      "weighted_f1": 0.9674760018708763
    },
    "knn": {
      "accuracy": 0.98559670781893,
      "k": 5,
      "elapsed_sec": 0.02423283297684975,
      "per_class": {
        "id10270": {
          "precision": 1.0,
          "recall": 1.0,
          "f1": 1.0,
          "support": 16
        },
        "id10271": {
          "precision": 1.0,
          "recall": 1.0,
          "f1": 1.0,
          "support": 7
        },
        "id10272": {
          "precision": 1.0,
          "recall": 1.0,
          "f1": 1.0,
          "support": 5
        },
        "id10273": {
          "precision": 1.0,
          "recall": 1.0,
          "f1": 1.0,
          "support": 24
        },
        "id10274": {
          "precision": 1.0,
          "recall": 0.6,
          "f1": 0.75,
          "support": 5
        },
        "id10275": {
          "precision": 1.0,
          "recall": 0.8571428571428571,
          "f1": 0.9230769230769231,
          "support": 7
        },
        "id10276": {
          "precision": 1.0,
          "recall": 1.0,
          "f1": 1.0,
          "support": 18
        },
        "id10277": {
          "precision": 1.0,
          "recall": 1.0,
          "f1": 1.0,
          "support": 7
        },
        "id10278": {
          "precision": 1.0,
          "recall": 0.9473684210526315,
          "f1": 0.972972972972973,
          "support": 19
        },
        "id10279": {
          "precision": 1.0,
          "recall": 0.8333333333333334,