{
  "train_csv": "voxceleb_data/processed_test/metadata/dur_0.5s/whisper_train.csv",
  "test_csv": "voxceleb_data/processed_test/metadata/dur_0.5s/whisper_test.csv",
  "emb_type": "whisper",
  "whisper_layer": "-1",
  "n_train": 3902,
  "n_test": 486,
  "n_speakers": 40,
  "embedding_dim": 512,
  "classifiers": {
    "cosine": {
      "accuracy": 0.14814814814814814,
      "elapsed_sec": 0.0016254170041065663,
      "per_class": {
        "id10270": {
          "precision": 0.25,
          "recall": 0.0625,
          "f1": 0.1,
          "support": 16
        },
        "id10271": {
          "precision": 0.3333333333333333,
          "recall": 0.14285714285714285,
          "f1": 0.2,
          "support": 7
        },
        "id10272": {
          "precision": 0.0,
          "recall": 0.0,
          "f1": 0.0,
          "support": 5
        },
        "id10273": {
          "precision": 0.2727272727272727,
          "recall": 0.125,
          "f1": 0.17142857142857143,
          "support": 24
        },
        "id10274": {
          "precision": 0.06382978723404255,
          "recall": 0.6,
          "f1": 0.11538461538461539,
          "support": 5
        },
        "id10275": {
          "precision": 0.2,
          "recall": 0.2857142857142857,
          "f1": 0.23529411764705882,
          "support": 7
        },
        "id10276": {
          "precision": 0.0,
          "recall": 0.0,
          "f1": 0.0,
          "support": 18
        },
        "id10277": {
          "precision": 0.18181818181818182,
          "recall": 0.2857142857142857,
          "f1": 0.2222222222222222,
          "support": 7
        },
        "id10278": {
          "precision": 0.23076923076923078,
          "recall": 0.15789473684210525,
          "f1": 0.1875,
          "support": 19
        },
        "id10279": {
          "precision": 0.25,
          "recall": 0.16666666666666666,
          "f1": 0.2,
          "support": 6
        },
        "id10280": {
          "precision": 0.07142857142857142,
          "recall": 0.14285714285714285,
          "f1": 0.09523809523809523,
          "support": 7
        },
        "id10281": {
          "precision": 0.0,
          "recall": 0.0,
          "f1": 0.0,
          "support": 8
        },
        "id10282": {
          "precision": 0.2,
          "recall": 0.125,
          "f1": 0.15384615384615385,
          "support": 8
        },
        "id10283": {
          "precision": 0.3333333333333333,
          "recall": 0.13043478260869565,
          "f1": 0.1875,
          "support": 23
        },
        "id10284": {
          "precision": 0.0,
          "recall": 0.0,
          "f1": 0.0,
          "support": 9
        },
        "id10285": {
          "precision": 0.5,
          "recall": 0.2222222222222222,
          "f1": 0.3076923076923077,
          "support": 9
        },
        "id10286": {
          "precision": 0.19047619047619047,
          "recall": 0.26666666666666666,
          "f1": 0.2222222222222222,
          "support": 15
        },
        "id10287": {
          "precision": 0.3333333333333333,
          "recall": 0.2,
          "f1": 0.25,
          "support": 5
        },
        "id10288": {
          "precision": 0.0,
          "recall": 0.0,
          "f1": 0.0,
          "support": 5
        },
        "id10289": {
          "precision": 0.2222222222222222,
          "recall": 0.2222222222222222,
          "f1": 0.2222222222222222,
          "support": 9
        },
        "id10290": {
          "precision": 0.125,
          "recall": 0.21428571428571427,
          "f1": 0.15789473684210525,
          "support": 14
        },
        "id10291": {
          "precision": 0.29411764705882354,
          "recall": 0.625,
          "f1": 0.4,
          "support": 8
        },
        "id10292": {
          "precision": 0.5217391304347826,
          "recall": 0.46153846153846156,
          "f1": 0.4897959183673469,
          "support": 26
        },
        "id10293": {
          "precision": 0.08333333333333333,
          "recall": 0.05263157894736842,
          "f1": 0.06451612903225806,
          "support": 19
        },
        "id10294": {
          "precision": 0.0,
          "recall": 0.0,
          "f1": 0.0,
          "support": 14
        },
        "id10295": {
          "precision": 0.0,
          "recall": 0.0,
          "f1": 0.0,
          "support": 9
        },
        "id10296": {
          "precision": 0.0,
          "recall": 0.0,
          "f1": 0.0,
          "support": 10
        },
        "id10297": {
          "precision": 0.14285714285714285,
          "recall": 0.125,
          "f1": 0.13333333333333333,
          "support": 8
        },
        "id10298": {
          "precision": 0.023809523809523808,
          "recall": 0.07692307692307693,
          "f1": 0.03636363636363636,
          "support": 13
        },
        "id10299": {
          "precision": 0.18181818181818182,
          "recall": 0.8,
          "f1": 0.2962962962962963,
          "support": 5
        },
        "id10300": {
          "precision": 0.5,
          "recall": 0.03333333333333333,
          "f1": 0.0625,
          "support": 30
        },
        "id10301": {
          "precision": 0.06818181818181818,
          "recall": 0.6,
          "f1": 0.12244897959183673,
          "support": 5
        },
        "id10302": {
          "precision": 0.0,
          "recall": 0.0,
          "f1": 0.0,
          "support": 17
        },
        "id10303": {
          "precision": 0.5714285714285714,
          "recall": 0.4,
          "f1": 0.47058823529411764,
          "support": 10
        },
        "id10304": {
          "precision": 0.36363636363636365,
          "recall": 0.25,
          "f1": 0.2962962962962963,
          "support": 16
        },
        "id10305": {
          "precision": 0.0,
          "recall": 0.0,
          "f1": 0.0,
          "support": 14
        },
        "id10306": {
          "precision": 0.0,
          "recall": 0.0,
          "f1": 0.0,
          "support": 18
        },
        "id10307": {
          "precision": 0.0,
          "recall": 0.0,
          "f1": 0.0,
          "support": 16
        },
        "id10308": {
          "precision": 0.0,
          "recall": 0.0,
          "f1": 0.0,
          "support": 6
        },
        "id10309": {
          "precision": 0.3333333333333333,
          "recall": 0.1875,
          "f1": 0.24,
          "support": 16
        }
      },
      "macro_precision": 0.17106316256418969,
      "macro_recall": 0.17404905798498474,
      "macro_f1": 0.1410146022330174,
      "weighted_precision": 0.19828277650631074,
      "weighted_recall": 0.14814814814814814,
      "weighted_f1": 0.14276665273202402
    },
    "knn": {
      "accuracy": 0.22633744855967078,
      "k": 5,
      "elapsed_sec": 0.047721041017211974,
      "per_class": {
        "id10270": {
          "precision": 0.125,
          "recall": 0.3125,
          "f1": 0.17857142857142858,
          "support": 16
        },
        "id10271": {
          "precision": 0.07407407407407407,
          "recall": 0.2857142857142857,
          "f1": 0.11764705882352941,
          "support": 7
        },
        "id10272": {
          "precision": 0.1,
          "recall": 0.2,
          "f1": 0.13333333333333333,
          "support": 5
        },
        "id10273": {
          "precision": 0.1568627450980392,
          "recall": 0.3333333333333333,
          "f1": 0.21333333333333335,
          "support": 24
        },
        "id10274": {
          "precision": 0.0,
          "recall": 0.0,
          "f1": 0.0,
          "support": 5
        },
        "id10275": {
          "precision": 0.0625,
          "recall": 0.14285714285714285,
          "f1": 0.08695652173913043,
          "support": 7
        },
        "id10276": {
          "precision": 0.3,
          "recall": 0.5,
          "f1": 0.375,
          "support": 18
        },