{
  "train_csv": "voxceleb_data/processed_test/metadata/dur_5s/whisper_train.csv",
  "test_csv": "voxceleb_data/processed_test/metadata/dur_5s/whisper_test.csv",
  "emb_type": "whisper",
  "whisper_layer": "-1",
  "n_train": 3902,
  "n_test": 486,
  "n_speakers": 40,
  "embedding_dim": 512,
  "classifiers": {
    "cosine": {
      "accuracy": 0.49794238683127573,
      "elapsed_sec": 0.001290791988139972,
      "per_class": {
        "id10270": {
          "precision": 0.7692307692307693,
          "recall": 0.625,
          "f1": 0.6896551724137931,
          "support": 16
        },
        "id10271": {
          "precision": 0.4,
          "recall": 0.2857142857142857,
          "f1": 0.3333333333333333,
          "support": 7
        },
        "id10272": {
          "precision": 1.0,
          "recall": 1.0,
          "f1": 1.0,
          "support": 5
        },
        "id10273": {
          "precision": 1.0,
          "recall": 0.375,
          "f1": 0.5454545454545454,
          "support": 24
        },
        "id10274": {
          "precision": 0.07142857142857142,
          "recall": 0.2,
          "f1": 0.10526315789473684,
          "support": 5
        },
        "id10275": {
          "precision": 0.3,
          "recall": 0.42857142857142855,
          "f1": 0.35294117647058826,
          "support": 7
        },
        "id10276": {
          "precision": 0.5714285714285714,
          "recall": 0.8888888888888888,
          "f1": 0.6956521739130435,
          "support": 18
        },
        "id10277": {
          "precision": 0.38461538461538464,
          "recall": 0.7142857142857143,
          "f1": 0.5,
          "support": 7
        },
        "id10278": {
          "precision": 0.75,
          "recall": 0.631578947368421,
          "f1": 0.6857142857142857,
          "support": 19
        },
        "id10279": {
          "precision": 0.5714285714285714,
          "recall": 0.6666666666666666,
          "f1": 0.6153846153846154,
          "support": 6
        },
        "id10280": {
          "precision": 0.3,
          "recall": 0.42857142857142855,
          "f1": 0.35294117647058826,
          "support": 7
        },
        "id10281": {
          "precision": 0.4,
          "recall": 0.5,
          "f1": 0.4444444444444444,
          "support": 8
        },
        "id10282": {
          "precision": 0.5,
          "recall": 0.375,
          "f1": 0.42857142857142855,
          "support": 8
        },
        "id10283": {
          "precision": 0.8181818181818182,
          "recall": 0.391304347826087,
          "f1": 0.5294117647058824,
          "support": 23
        },
        "id10284": {
          "precision": 0.75,
          "recall": 0.3333333333333333,
          "f1": 0.46153846153846156,
          "support": 9
        },
        "id10285": {
          "precision": 0.6,
          "recall": 0.3333333333333333,
          "f1": 0.42857142857142855,
          "support": 9
        },
        "id10286": {
          "precision": 0.4,
          "recall": 0.4,
          "f1": 0.4,
          "support": 15
        },
        "id10287": {
          "precision": 0.5,
          "recall": 0.6,
          "f1": 0.5454545454545454,
          "support": 5
        },
        "id10288": {
          "precision": 0.0,
          "recall": 0.0,
          "f1": 0.0,
          "support": 5
        },
        "id10289": {
          "precision": 0.5,
          "recall": 0.4444444444444444,
          "f1": 0.47058823529411764,
          "support": 9
        },
        "id10290": {
          "precision": 0.30303030303030304,
          "recall": 0.7142857142857143,
          "f1": 0.425531914893617,
          "support": 14
        },
        "id10291": {
          "precision": 0.4,
          "recall": 1.0,
          "f1": 0.5714285714285714,
          "support": 8
        },
        "id10292": {
          "precision": 0.68,
          "recall": 0.6538461538461539,
          "f1": 0.6666666666666666,
          "support": 26
        },
        "id10293": {
          "precision": 0.3548387096774194,
          "recall": 0.5789473684210527,
          "f1": 0.44,
          "support": 19
        },
        "id10294": {
          "precision": 0.625,
          "recall": 0.7142857142857143,
          "f1": 0.6666666666666666,
          "support": 14
        },
        "id10295": {
          "precision": 0.3333333333333333,
          "recall": 0.2222222222222222,
          "f1": 0.26666666666666666,
          "support": 9
        },
        "id10296": {
          "precision": 0.4,
          "recall": 0.2,
          "f1": 0.26666666666666666,
          "support": 10
        },
        "id10297": {
          "precision": 0.1111111111111111,
          "recall": 0.125,
          "f1": 0.11764705882352941,
          "support": 8
        },
        "id10298": {
          "precision": 0.6666666666666666,
          "recall": 0.15384615384615385,
          "f1": 0.25,
          "support": 13
        },
        "id10299": {
          "precision": 0.4166666666666667,
          "recall": 1.0,
          "f1": 0.5882352941176471,
          "support": 5
        },
        "id10300": {
          "precision": 0.8947368421052632,
          "recall": 0.5666666666666667,
          "f1": 0.6938775510204082,
          "support": 30
        },
        "id10301": {
          "precision": 0.29411764705882354,
          "recall": 1.0,
          "f1": 0.45454545454545453,
          "support": 5
        },
        "id10302": {
          "precision": 0.2222222222222222,
          "recall": 0.23529411764705882,
          "f1": 0.22857142857142856,
          "support": 17
        },
        "id10303": {
          "precision": 1.0,
          "recall": 0.8,
          "f1": 0.8888888888888888,
          "support": 10
        },
        "id10304": {
          "precision": 0.42857142857142855,
          "recall": 0.75,
          "f1": 0.5454545454545454,
          "support": 16
        },
        "id10305": {
          "precision": 0.5,
          "recall": 0.07142857142857142,
          "f1": 0.125,
          "support": 14
        },
        "id10306": {
          "precision": 1.0,
          "recall": 0.5555555555555556,
          "f1": 0.7142857142857143,
          "support": 18
        },
        "id10307": {
          "precision": 0.5714285714285714,
          "recall": 0.25,
          "f1": 0.34782608695652173,
          "support": 16
        },
        "id10308": {
          "precision": 0.15384615384615385,
          "recall": 0.3333333333333333,
          "f1": 0.21052631578947367,
          "support": 6
        },
        "id10309": {
          "precision": 0.8571428571428571,
          "recall": 0.375,
          "f1": 0.5217391304347826,
          "support": 16
        }
      },
      "macro_precision": 0.5199756549793626,
      "macro_recall": 0.4980351097635557,
      "macro_f1": 0.46437861418767723,
      "weighted_precision": 0.5915034833711664,
      "weighted_recall": 0.49794238683127573,
      "weighted_f1": 0.4978021084615535
    },
    "knn": {
      "accuracy": 0.6872427983539094,
      "k": 5,
      "elapsed_sec": 0.028329833003226668,
      "per_class": {
        "id10270": {
          "precision": 0.6086956521739131,
          "recall": 0.875,
          "f1": 0.717948717948718,
          "support": 16
        },
        "id10271": {
          "precision": 0.3076923076923077,
          "recall": 0.5714285714285714,
          "f1": 0.4,
          "support": 7
        },
        "id10272": {
          "precision": 1.0,
          "recall": 1.0,
          "f1": 1.0,
          "support": 5
        },
        "id10273": {
          "precision": 0.5714285714285714,
          "recall": 0.8333333333333334,
          "f1": 0.6779661016949152,
          "support": 24
        },
        "id10274": {
          "precision": 0.18181818181818182,
          "recall": 0.4,
          "f1": 0.25,
          "support": 5
        },
        "id10275": {
          "precision": 1.0,