{
  "train_csv": "voxceleb_data/processed_test/metadata/dur_5s/xvector_train.csv",
  "test_csv": "voxceleb_data/processed_test/metadata/dur_5s/xvector_test.csv",
  "emb_type": "xvector",
  "whisper_layer": "-1",
  "n_train": 3902,
  "n_test": 486,
  "n_speakers": 40,
  "embedding_dim": 512,
  "classifiers": {
    "cosine": {
      "accuracy": 0.9176954732510288,
      "elapsed_sec": 0.0012997080048080534,
      "per_class": {
        "id10270": {
          "precision": 1.0,
          "recall": 1.0,
          "f1": 1.0,
          "support": 16
        },
        "id10271": {
          "precision": 1.0,
          "recall": 1.0,
          "f1": 1.0,
          "support": 7
        },
        "id10272": {
          "precision": 0.38461538461538464,
          "recall": 1.0,
          "f1": 0.5555555555555556,
          "support": 5
        },
        "id10273": {
          "precision": 1.0,
          "recall": 0.875,
          "f1": 0.9333333333333333,
          "support": 24
        },
        "id10274": {
          "precision": 0.8,
          "recall": 0.8,
          "f1": 0.8,
          "support": 5
        },
        "id10275": {
          "precision": 1.0,
          "recall": 0.8571428571428571,
          "f1": 0.9230769230769231,
          "support": 7
        },
        "id10276": {
          "precision": 1.0,
          "recall": 0.9444444444444444,
          "f1": 0.9714285714285714,
          "support": 18
        },
        "id10277": {
          "precision": 0.8571428571428571,
          "recall": 0.8571428571428571,
          "f1": 0.8571428571428571,
          "support": 7
        },
        "id10278": {
          "precision": 1.0,
          "recall": 0.9473684210526315,
          "f1": 0.972972972972973,
          "support": 19
        },
        "id10279": {
          "precision": 1.0,
          "recall": 0.8333333333333334,
          "f1": 0.9090909090909091,
          "support": 6
        },
        "id10280": {
          "precision": 1.0,
          "recall": 0.5714285714285714,
          "f1": 0.7272727272727273,
          "support": 7
        },
        "id10281": {
          "precision": 0.7272727272727273,
          "recall": 1.0,
          "f1": 0.8421052631578947,
          "support": 8
        },
        "id10282": {
          "precision": 1.0,
          "recall": 0.625,
          "f1": 0.7692307692307693,
          "support": 8
        },
        "id10283": {
          "precision": 1.0,
          "recall": 0.9130434782608695,
          "f1": 0.9545454545454546,
          "support": 23
        },
        "id10284": {
          "precision": 1.0,
          "recall": 0.8888888888888888,
          "f1": 0.9411764705882353,
          "support": 9
        },
        "id10285": {
          "precision": 1.0,
          "recall": 1.0,
          "f1": 1.0,
          "support": 9
        },
        "id10286": {
          "precision": 1.0,
          "recall": 0.9333333333333333,
          "f1": 0.9655172413793104,
          "support": 15
        },
        "id10287": {
          "precision": 0.4,
          "recall": 0.8,
          "f1": 0.5333333333333333,
          "support": 5
        },
        "id10288": {
          "precision": 1.0,
          "recall": 1.0,
          "f1": 1.0,
          "support": 5
        },
        "id10289": {
          "precision": 1.0,
          "recall": 1.0,
          "f1": 1.0,
          "support": 9
        },
        "id10290": {
          "precision": 0.9333333333333333,
          "recall": 1.0,
          "f1": 0.9655172413793104,
          "support": 14
        },
        "id10291": {
          "precision": 1.0,
          "recall": 0.875,
          "f1": 0.9333333333333333,
          "support": 8
        },
        "id10292": {
          "precision": 1.0,
          "recall": 1.0,
          "f1": 1.0,
          "support": 26
        },
        "id10293": {
          "precision": 0.9444444444444444,
          "recall": 0.8947368421052632,
          "f1": 0.918918918918919,
          "support": 19
        },
        "id10294": {
          "precision": 0.48148148148148145,
          "recall": 0.9285714285714286,
          "f1": 0.6341463414634146,
          "support": 14
        },
        "id10295": {
          "precision": 1.0,
          "recall": 1.0,
          "f1": 1.0,
          "support": 9
        },
        "id10296": {
          "precision": 0.9,
          "recall": 0.9,
          "f1": 0.9,
          "support": 10
        },
        "id10297": {
          "precision": 0.8888888888888888,
          "recall": 1.0,
          "f1": 0.9411764705882353,
          "support": 8
        },
        "id10298": {
          "precision": 1.0,
          "recall": 0.9230769230769231,
          "f1": 0.96,
          "support": 13
        },
        "id10299": {
          "precision": 1.0,
          "recall": 1.0,
          "f1": 1.0,
          "support": 5
        },
        "id10300": {
          "precision": 0.9615384615384616,
          "recall": 0.8333333333333334,
          "f1": 0.8928571428571429,
          "support": 30
        },
        "id10301": {
          "precision": 1.0,
          "recall": 1.0,
          "f1": 1.0,
          "support": 5
        },
        "id10302": {
          "precision": 0.9285714285714286,
          "recall": 0.7647058823529411,
          "f1": 0.8387096774193549,
          "support": 17
        },
        "id10303": {
          "precision": 1.0,
          "recall": 1.0,
          "f1": 1.0,
          "support": 10
        },
        "id10304": {
          "precision": 1.0,
          "recall": 0.9375,
          "f1": 0.967741935483871,
          "support": 16
        },
        "id10305": {
          "precision": 1.0,
          "recall": 0.9285714285714286,
          "f1": 0.9629629629629629,
          "support": 14
        },
        "id10306": {
          "precision": 1.0,
          "recall": 0.9444444444444444,
          "f1": 0.9714285714285714,
          "support": 18
        },
        "id10307": {
          "precision": 1.0,
          "recall": 0.9375,
          "f1": 0.967741935483871,
          "support": 16
        },
        "id10308": {
          "precision": 0.8333333333333334,
          "recall": 0.8333333333333334,
          "f1": 0.8333333333333334,
          "support": 6
        },
        "id10309": {
          "precision": 1.0,
          "recall": 1.0,
          "f1": 1.0,
          "support": 16
        }
      },
      "macro_precision": 0.9260155585155585,
      "macro_recall": 0.9136724950204222,
      "macro_f1": 0.9085912561690292,
      "weighted_precision": 0.9490454523376334,
      "weighted_recall": 0.9176954732510288,
      "weighted_f1": 0.9257855212930656
    },
    "knn": {
      "accuracy": 0.9835390946502057,
      "k": 5,
      "elapsed_sec": 0.0262521660188213,
      "per_class": {
        "id10270": {
          "precision": 1.0,
          "recall": 1.0,
          "f1": 1.0,
          "support": 16
        },
        "id10271": {
          "precision": 1.0,
          "recall": 1.0,
          "f1": 1.0,
          "support": 7
        },
        "id10272": {
          "precision": 1.0,
          "recall": 1.0,
          "f1": 1.0,
          "support": 5
        },
        "id10273": {
          "precision": 1.0,
          "recall": 1.0,
          "f1": 1.0,
          "support": 24
        },
        "id10274": {
          "precision": 1.0,
          "recall": 0.8,
          "f1": 0.8888888888888888,
          "support": 5
        },
        "id10275": {
          "precision": 1.0,
          "recall": 0.8571428571428571,
          "f1": 0.9230769230769231,
          "support": 7
        },
        "id10276": {
          "precision": 1.0,
          "recall": 1.0,
          "f1": 1.0,
          "support": 18
        },
        "id10277": {
          "precision": 1.0,
          "recall": 1.0,
          "f1": 1.0,
          "support": 7
        },
        "id10278": {
          "precision": 1.0,
          "recall": 1.0,
          "f1": 1.0,